﻿"Child Seq.","Full Name of Child","Indigenous Preschool Child?",Sex,"Date of Birth","Actual Date of Weighing",Weight,Height,"Age in Months","Weight for Age Status","Height for Age Status","Height for Length/Height Status"
1,"ALBARACIN,CRIS ARGIELL",NO,M,11/06/2016,09/01/2018,18,9,78,N,N,N
2,PALIS EURILYN ,NO,F,29/09/2017,09/01/2018,3,4.5,52,N,SS,N
3,"MAGUNDAYAO, BRYAN ",NO,M,28/02/2014,09/01/2018,46,12.9,100,N,N,W
4,"MAGUNDAYAO, CRIS MATHEW ",NO,M,23/05/2016,09/01/2018,19,7.8,75.5,SUW,S,W
5,"SADIAL,JHANELL",NO,F,30/01/2013,09/01/2018,59,15,105,N,N,N
6,"BALLEORES, ARA ",NO,F,26/09/2015,09/01/2018,27,11.2,89,N,N,N
7,"DOLAR, JAYMAR ",NO,M,16/03/2016,09/01/2018,21,10.7,84,N,N,N
8,JAVIER WILLAM MATHEW ,NO,M,27/04/2016,09/01/2018,20,8.7,78,UW,S,N
9,"BENDERO, PRINCES AJ",NO,F,20/05/2013,09/01/2018,55,14.5,98.5,N,N,N
10,"JAVIER,KELVIN DAVE ",NO,M,29/12/2013,09/01/2018,48,15.2,97,N,N,N
11,"BON,ZHACKYRA FAITH",NO,F,20/02/2014,09/01/2018,46,15.4,97,N,N,N
12,"BON,JAIRIL CLYDE ",NO,M,02/05/2015,09/01/2018,32,11.2,87,N,N,N
13,"CAPUNITAN, RHANZ CLYDE ",NO,M,21/04/2017,09/01/2018,8,8.3,71,N,N,N
14,"BAGUI, JAN MARTIN",NO,M,11/11/2013,09/01/2018,49,14.7,106,N,N,N
15,"ALTAJEROS, MICHAELA MARIE  ",NO,F,03/08/2013,09/01/2018,53,16.4,104.4,N,N,N
16,"JUMAWID, JHAMELA ",NO,F,17/01/2015,09/01/2018,35,13.5,95,N,N,N
17,"PLANTILLA, HAZEL ANN",NO,F,15/04/2014,09/01/2018,44,16.9,99,N,N,N
18,"MINGAO,JOANNA MAE ",NO,F,04/02/2017,09/01/2018,11,7.6,74,N,N,N
19,"MORTEL,GIAN MIREY ",NO,M,15/07/2016,09/01/2018,17,10.3,83,N,N,N
20,"MINGAO,JHON MATEO",NO,M,08/10/2014,09/01/2018,39,13.1,94,N,N,N
21,"GUTIEREZ,MADISON",NO,F,24/12/2014,09/01/2018,36,11.7,92,N,N,N
22,"VILLATE,CHRIS LAURENCE ",NO,M,16/07/2014,09/01/2018,41,13.3,97,N,N,N
23,"VILLATE,KENT VINCENT",NO,M,16/07/2016,09/01/2018,17,11.1,83,N,N,N
24,"SONIO,MUTYA ",NO,F,06/01/2016,09/01/2018,24,10.5,89,N,N,N
25,"MARANAN,SUMMER ",NO,F,16/04/2016,09/01/2018,20,10.3,86,N,N,N
26,"GALANO,KAITHLYN",NO,F,02/10/2013,09/01/2018,51,13.6,100.5,N,N,N
27,"MARANAN,KHENDRA ",NO,F,09/09/2015,09/01/2018,28,11.6,91,N,N,N
28,SAN LORENZO JHERO,NO,M,11/09/2015,09/01/2018,27,10.8,87,N,N,N
29,"MIJAREZ,JHON ALDRIN",NO,M,14/08/2013,09/01/2018,52,14.1,99,N,N,N
30,"GENIO,DOMINICK",NO,M,16/01/2014,09/01/2018,47,13.1,97,N,N,N
31,"DINO,JHON JHERVIN",NO,M,19/02/2013,09/01/2018,58,16.4,109,N,N,N
32,"PALIS,RHEN DENNIELLE",NO,M,28/12/2013,09/01/2018,48,16,105,N,N,N
33,DELA CRUZ RODELIO JR.,NO,M,27/05/2015,09/01/2018,31,11,86,N,N,N
34,"DINO,FLOYD",NO,M,23/04/2015,09/01/2018,32,13,91,N,N,N
35,"CONSTANTINO,MAJORIE",NO,F,10/04/2015,09/01/2018,32,12.6,86,N,N,N
36,"NAVASERA,NIGHEL",NO,M,17/09/2014,09/01/2018,39,12.6,95,N,N,N
37,"ALAJEROS, MIKAELA MARIE",NO,F,03/08/2013,26/01/2018,53,13,98,N,N,N
38,SAMABONG MAXINE JADE ,NO,F,06/07/2016,26/01/2018,18,9.5,78,N,N,N
39,"MENDOZA, CHRISTINE VERONICA ",NO,F,30/10/2015,18/01/2018,26,11.1,84,N,N,N
40,NAVALES MARIA FRANCHESKA ,NO,F,28/11/2016,26/01/2018,13,7.8,70,N,N,N
41,"AREVALO, CHRIS ANNE JOY ",NO,F,10/06/2013,26/01/2018,55,14.3,106,N,N,N
42,"AREVALO, SAMUEL ",NO,M,01/08/2016,26/01/2018,17,8.9,78,N,N,N
43,"PUA,ZCENRIC JOSEPH ",NO,M,03/01/2017,18/01/2018,12,9.6,71,N,N,N
44,"CANO, JOHN ANGELO",NO,M,11/11/2013,18/01/2018,50,17,112,N,N,N
45,"CANO, PRINCESS JEAN ",NO,F,22/03/2015,18/01/2018,33,10.3,84.4,UW,S,N
46,"CALAGOS, KZANDRE ",NO,M,01/09/2015,18/01/2018,28,11.6,90,N,N,N
47,"DAO, ZHAI AMBER ",NO,F,28/05/2016,18/01/2018,19,11.6,90,N,T,N
48,"PANTING,MIGUEL BRYLLE ",NO,F,29/03/2013,18/01/2018,57,18.8,109,N,N,N
49,"PAREJA , MARK JOSEPH ",NO,M,01/03/2013,18/01/2018,58,15.3,105,N,N,N
50,MATEO JANHDEL,NO,M,22/01/2013,18/01/2018,59,20,123,N,T,Ob
51,"POLICARPIO, JAZ MICHEAL",NO,M,26/05/2013,18/01/2018,55,16.6,113,N,N,N
52,"JACOB, ELLIYAH ",NO,F,15/06/2013,18/01/2018,55,13.5,103,N,N,N
53,"VILLAMOR, HIRO AIDEN ",NO,M,18/09/2015,18/01/2018,28,11.4,88,N,N,N
54,"ROSALES,NICOLO ANGELO",NO,M,25/10/2015,18/01/2018,26,13.8,98,N,T,N
55,"PAGSIAT, PRINCE SAREN ",NO,M,22/12/2016,18/01/2018,12,9.2,77,N,N,N
56,"STEVENS, SABRINA FAYE ",NO,F,23/11/2014,18/01/2018,37,14.8,103,N,N,N
57,"RODRIGUEZ, KYLLIE ANN ",NO,F,14/09/2014,18/01/2018,40,14.8,99,N,N,N
58,"ELEC, FREDIRICK JAMES ",NO,M,25/07/2014,18/01/2018,41,15.3,103,N,N,N
59,"KARATIHAN, PRINCESS ALEXA ",NO ,F,24/02/2016,18/01/2018,22,11.1,82,N,N,N
60,"KARATIHAN, QUEEN JADE ",NO,F,14/04/2017,18/01/2018,9,7.2,66.3,N,N,N
61,QUILATON JOCELYN IRISH ,NO,F,11/01/2017,18/01/2018,12,7.2,72,N,N,N
62,"PASCO,MARYLYN ",NO,F,17/04/2013,18/01/2018,57,14.1,101,N,N,N
63,"CANLAS, SOPHIA ",NO,F,06/10/2016,18/01/2018,15,10.5,83,N,N,N
64,NUñEZ REX DANIEL,NO,M,04/03/2014,18/01/2018,46,15.3,94,N,N,N
65,CASTAñEDA ZADHEL ,NO,M,19/03/2017,18/01/2018,9,8.3,75,N,N,N
66,"IBEK, IRENE JOY ",NO,F,24/12/2014,18/01/2018,36,13.9,102,N,N,N
67,"IBEK, MA JENECA ",NO,F,29/11/2016,18/01/2018,13,8.7,78,N,N,N
68,BAIT IT DIANA ,NO,F,24/11/2017,18/01/2018,1,3.4,53,N,N,N
69,"BALBOA, PAUL ELAIDIA ",NO,M,24/09/2015,18/01/2018,27,14,100.3,N,T,N
70,"VISCARRA, AUDEE LAURICE ANDREA ",NO,F,03/10/2015,18/01/2018,27,13.6,98.5,N,T,N
71,"SHASHA, MARIZ CLARENCE ",NO,M,30/09/2013,18/01/2018,51,16.5,107.3,N,N,N
72,"ADVINCOLA,DANIEL",NO,M,20/06/2015,18/01/2018,30,12.4,86.5,N,N,N
73,"ADVINCOLA,VIENNE DARLENE",NO,F,26/02/2014,18/01/2018,46,20.2,108,N,N,N
74,"ROQUE,CHRIS ANTONIO",NO,M,24/09/2016,18/01/2018,15,8.9,84,N,N,W
75,"PASCUAL, JUAQUIN ",NO,M,08/06/2014,18/01/2018,43,13.5,100,N,N,N
76,"NAVALEZ, MA. FRANCHESKA ",NO,F,28/11/2016,18/01/2018,13,9.4,80,N,N,N
77,"SORIA, LORENCE ",NO,M,13/09/2013,18/01/2018,52,14.5,98,N,N,N
78,ATOLI RIENE AIENLY ,NO,F,28/04/2017,18/01/2018,8,8.4,73,N,N,N
79,"VILLAMOR,PRINCE KIAN",NO,M,30/12/2015,16/01/2018,24,10.8,85.5,N,N,N
80,VILLAMOR HAYA ,NO,F,22/04/2014,16/01/2018,44,13.5,92,N,N,N
81,"MAGBANUA, PRINCES JADE ",NO,F,30/06/2014,16/01/2018,42,13.4,96,N,N,N
82,VILLSMOR CRYSTAL DEN,NO,F,16/08/2017,16/01/2018,5,7.8,70,N,T,N
83,"ORO, MA CHANELLE ",NO,F,16/01/2017,16/01/2018,12,7.7,69,N,N,N
84,"BALLOSA, MARO",NO,M,09/10/2014,16/01/2018,39,12.3,95,N,N,N
85,"VALDEZ, AJ ",NO,M,09/07/2014,16/01/2018,42,14.5,92,N,N,N
86,"SINAHON, SUNSHINE NICOLE ",NO,F,31/12/2014,16/01/2018,36,11.8,90,N,N,N
87,"ALBORIDA, KYLIE ",NO,F,02/09/2013,16/01/2018,52,12.3,101.5,UW,N,W
88,"IGLESIAS, MARY ATHENA INGRID ",NO,F,15/03/2017,16/01/2018,10,9.5,76,N,N,N
89,DALEJA JHUSTIN MATHEW ,NO,M,03/08/2017,16/01/2018,5,8.3,68,N,N,N
90,"DALEJA, MARK JHERIC ",NO ,M,03/08/2017,16/01/2018,5,8.3,68,N,N,N
91,"LAWAS, DANCEL JAMES ",NO,M,28/05/2013,16/01/2018,55,18,100,N,N,N
92,"FORTUNA, KRISTINE PEARL ",NO,F,11/07/2013,16/01/2018,54,17.5,107,N,N,N
93,"SALIS,HAILY JHAY ",NO,M,20/02/2014,16/01/2018,46,19.2,110,N,N,N
94,"BINAMIRA, ELVIN JOHN",NO,M,19/04/2013,16/01/2018,56,16.1,110.5,N,N,N
95,MAY CERNAL ,NO,F,10/07/2015,16/01/2018,30,11.6,85.5,N,N,N
96,DEANGKINAY ZHIANNE ERIZH,NO,F,29/07/2015,16/01/2018,29,14.6,100.5,N,T,N
97,"ALMARVEZ, ZAFINA JANELLA ",NO,F,25/07/2014,18/01/2018,41,12.5,93,N,N,N
98,"PANAO, SEAN",NO,M,13/07/2015,18/01/2018,30,14.4,102,N,T,N
99,"LOZANO , LOVELY JOY ",NO,F,30/06/2015,18/01/2018,30,11.9,95,N,N,N
100,"PALMES, MIKAEL",NO,M,17/09/2017,18/01/2018,4,8.4,72,N,T,N
101,"BANDIAN, CAMILLE ",NO,F,13/07/2015,18/01/2018,30,14,91,N,N,N
102,"CANAYON, JAYMARK",NO,M,13/09/2014,18/01/2018,40,13.6,96,N,N,N
103,CANAYON ANGELO,NO,M,02/09/2015,18/01/2018,28,14.5,93,N,N,N
104,"CRUZ, RUSSEL, KOBE ",NO,M,27/08/2014,18/01/2018,40,14,100,N,N,N
105,"VILLANUEVA, CHRIZ ALI ",NO,M,16/01/2015,18/01/2018,36,16.4,101,N,N,N
106,"DE OCAMPO, DAN RYEL ",NO,M,25/06/2017,18/01/2018,6,8.5,74,N,T,N
107,"GAHAYAN,JOHN DAVID ",NO,M,30/05/2016,18/01/2018,19,12.1,83,N,N,N
108,"VALDERAMA,JULLIAN JADE ",NO,F,12/11/2015,18/01/2018,26,9.8,84,N,N,N
109,"VALDERAMA, ALLAN JR ",NO,M,01/04/2014,18/01/2018,45,16.4,106,N,N,N
110,"BUCAD, SOPHIA ",NO,F,15/09/2014,18/01/2018,40,11.7,99,N,N,W
111,"BAUTISTA, JHASMIN MAE ",NO,F,15/09/2013,18/01/2018,52,15.3,105,N,N,N
112,"SANDOVAL, KEZIAH GENEE",NO,F,23/10/2015,18/01/2018,26,10.8,81.5,N,N,N
113,"MANALO, JHON AREON ",NO,M,17/12/2016,18/01/2018,13,8.1,76,N,N,W
114,"MANALO, JANNAH NICOLE ",NO,F,19/03/2015,18/01/2018,33,12.6,91,N,N,N
115,"MANALO, CHRIS  GIRLIE ",NO,F,10/03/2013,18/01/2018,58,16,107,N,N,N
116," DOLUNTAP,LESLIE ",NO,F,25/03/2014,18/01/2018,45,12.9,98,N,N,N
117,"BAUTISTA, ZYJHEIN FEIHL",NO,F,17/04/2013,18/01/2018,57,15.1,106,N,N,N
118,"MAREGMEN,LIANNE MARKYN ",NO,F,14/02/2014,18/01/2018,47,16.8,101,N,N,N
119,"TANDANG, KEN CHRISTHOPHER  ",NO,M,16/11/2015,18/01/2018,26,12.2,85,N,N,N
120,"LAPITAN, NIEGHEL",NO,M,04/06/2013,18/01/2018,55,14.2,106,N,N,W
121,"TONGA, SAMUEL MATHEW ",NO,M,27/03/2013,18/01/2018,57,20.3,111,N,N,N
122,"ROSELADA, MA. JENNYLYN ",NO,F,28/08/2016,18/01/2018,16,11.4,84,N,N,N
123,"BAUTISTA, JHAIRA NICOLE ",NO,F,07/06/2015,18/01/2018,31,10.1,94,N,N,SW
124,"LATOZA, ROHAN  JAIRAH ",NO,F,14/01/2015,23/01/2018,36,17,96,N,N,N
125,"PABLO,SAMANTHA NICOLE ",NO,F,02/05/2015,23/01/2018,32,16.1,98,N,N,N
126,"PABLO, JETH JAIRUS ",NO,M,20/04/2014,23/01/2018,45,17.6,99.5,N,N,N
127,"FABELLAR, YUAN MIGUEL",NO,M,08/08/2014,23/01/2018,41,25.2,105.5,OW,N,Ob
128,"MATEO, JUSTIN JUAQUIN",NO,M,16/09/2013,23/01/2018,52,21.2,110,N,N,N
129,"LAPITAN , SOLEIL BERNANDINE ",NO,F,24/02/2014,23/01/2018,46,16,109,N,N,N
130,"NAVAL, MARCO MIGUEL ",NO,M,08/11/2013,23/01/2018,50,19,110,N,N,N
131,"NAVAL, ELISHA MARIE ", NO,F,15/09/2016,23/01/2018,16,9.3,78,N,N,N
132,"ROSELADA, AINA REYLIZ CO ",NO,F,11/04/2017,23/01/2018,9,9,75,N,N,N
133,"CAMACHO, KATE ",NO,F,02/08/2014,23/01/2018,41,14,105,N,N,N
134,"CAAYUPAN, GABRIEL",NO,M,05/12/2016,23/01/2018,13,10.5,87,N,T,N
135,"MAMBATALAN, AARON JAY ",NO,M,10/09/2016,13/01/2018,16,9.6,79,N,N,N
136,"MAGBANUA, LYNSES JADE ",NO,F,30/06/2014,23/01/2018,42,12,91,N,N,N
137,"PASAYAN, VIELA GRACE ",NO,F,16/12/2015,23/01/2018,25,10,87,N,N,N
138,VILLAMOR PRINCE KIAN ,NO,M,30/12/2015,23/01/2018,24,11,83,N,N,N
139,"INDINO, ANDREA JANE ",NO,F,09/07/2017,23/01/2018,6,9,69,N,N,N
140,"BALMES, LUIGIE ",NO,M,14/08/2016,23/01/2018,17,11,76,N,N,N
141,"VILLAMOR,ELIZE JEAN ",NO,F,26/08/2013,23/01/2018,52,13,98,N,N,N
142,"ZAMORA, NESHLY JAMES ",NO,M,02/12/2015,23/01/2018,25,12,89,N,N,N
143,"BUNAN, AIRAIAN JOY ",NO,F,14/08/2016,23/01/2018,17,9,79,N,N,N
144,"ZACARIAS, MAXWELL LAURENT ",NO,M,20/09/2017,23/01/2018,4,6.9,62,N,N,N
145,"MORALES, JONEL REYMART ",NO,M,31/10/2013,23/01/2018,50,16,103,N,N,N
146,LANTICAN KRISTOFER MEL,NO,M,28/06/2013,23/01/2018,54,15,102,N,N,N
147,LEDDA JACOB ,NO,M,26/04/2014,23/01/2018,44,15,108,N,N,W
148,"GARCIA, ALTHEA ",NO,F,30/11/2013,23/01/2018,49,13,99,N,N,N
149,"LEGASPI, DIANNE MARGARETTE",NO,F,18/09/2016,23/01/2018,16,8.3,74,N,N,N
150,"CASA, ART JOHN",NO,M,17/09/2015,23/01/2018,28,12.3,86,N,N,N
151,"JEBONE, JEDDAH",NO,F,02/08/2013,23/01/2018,53,14.9,112,N,N,W
152,"FLORES, KIEL DELMAR ",NO,M,01/12/2015,23/01/2018,25,11.2,92,N,N,W
153,PELIGRINA MIKKA ARAMIS ,NO,F,06/05/2016,23/01/2018,20,8.9,78,N,N,N
154,"YUMANG, BRYCE",NO,M,30/08/2013,23/01/2018,52,16,106,N,N,N
155,"ESCOBIN, JUNNE KHEN ",NO,M,02/09/2013,23/01/2018,52,15,105,N,N,N
156,"MAGO,JHON CARLO",NO,M,09/11/2016,20/02/2018,15,10.2,75,N,N,N
157,"JAZARENO,ALLAIZA ",NO,F,23/12/2016,20/02/2018,13,9,71,N,N,N
158,"EUGENIO, PRECIUOS DEANNA NO ",NO,F,15/03/2013,20/02/2018,59,15,106,N,N,N
159,"EUGENIO,PIA VENNISE ",NO,F,09/09/2016,20/02/2018,17,9,81,N,N,N
160,"PATOC, JAN ADRIAN",NO,M,15/08/2015,20/02/2018,30,11.5,88,N,N,N
161,"PATOC, GRACY JADE ",NO,F,17/07/2015,20/02/2018,31,10.2,87.5,N,N,N
162,"PATOC,NILLDREII",NO,M,06/12/2013,20/02/2018,50,13.5,97,N,N,N
163,"APOLINARIO, PRIMA HAILEY ",NO,F,28/04/2014,20/02/2018,45,20.3,107,N,N,N
164,BAUTISTA EMMANUEL JR.,NO,M,28/04/2014,20/02/2018,45,20.3,107,N,N,N
165,"ORDANSA,JANNAH",NO,F,30/06/2016,20/02/2018,19,12.4,85,N,N,N
166,"ORDANSA, KATE MARIE ",NO,F,12/10/2017,20/02/2018,4,7.6,69,N,T,N
167,"SABINANO,SABRINA SHAINA ",NO,F,14/05/2013,20/02/2018,57,14.5,102.5,N,N,N
168,"SABINANO, SHAN SKYLER ",NO,M,01/06/2014,20/02/2018,44,13.1,100,N,N,N
169,"MEDINA,SHAWN EXEKIEL",NO,M,26/11/2017,20/02/2018,2,6.2,59,N,N,N
170,"MANAY, AJ",NO,M,16/02/2016,20/02/2018,24,11.5,80,N,S,N
171,"CANSINO, MA. ALAISA ",NO,F,26/01/2016,20/02/2018,24,11.8,87,N,N,N
172,"SIM, LUCAS SEBASTIAN",NO,M,15/01/2018,20/02/2018,1,4,51,N,N,N
173,"SAPE, JAN WILLIAM",NO,M,21/09/2013,20/02/2018,52,15.2,101,N,N,N
174,"LAPITAN,NIGHEL",NO,M,04/06/2013,22/02/2018,56,16.2,102.5,N,N,N
175,"HILBERO, JAMES AYLER ",NO,M,19/05/2014,22/02/2018,45,15,102,N,N,N
176,"DELA CRUZ, JOAQIUN IñIGO",NO,M,30/11/2014,22/02/2018,38,15.2,103,N,N,N
177,"PEñAMORA, MARCUS KIEFER",NO,M,03/09/2016,22/02/2018,17,13,76,N,N,Ob
178,"REUBAL, JAMICA",NO,F,12/12/2014,22/02/2018,38,12.4,90,N,N,N
179,"OCAMPO, LIAB ",NO,M,09/07/2016,22/02/2018,19,11,83.5,N,N,N
180,"SARIO, ANDREA MAY ",NO,F,18/05/2015,22/02/2018,33,12.3,92,N,N,N
181,"ARAGONES, NICK OLIVER ",NO,M,05/10/2013,22/02/2018,52,14.1,99,N,N,N
182,"ARAGONES, NICKA JADE ",NO,F,22/01/2017,22/02/2018,13,7.6,72,N,N,N
183,"CARUMBA, JAKE DARYL", NO,M,09/09/2016,22/02/2018,17,11.3,80,N,N,N
184,"MANZANILA,JAN KENDEL",NO,M,10/06/2016,22/02/2018,20,9.2,82.3,N,N,W
185,"ROMERO,XYREL",NO,F,08/03/2017,22/02/2018,11,10.8,75,N,N,N
186,"CASALME, EVEN RAIN ",NO,F,13/11/2016,22/02/2018,15,8.6,74,N,N,N
187,"CASALME,AREL RAVEN",NO,F,01/10/2013,22/02/2018,52,15.4,110,N,N,W
188,"CASIPONG,JOAQUIN MATEO",NO,M,07/07/2014,22/02/2018,43,13.5,96,N,N,N
189,"ALCAYDE, MA. AMAYA ",NO,F,15/09/2013,22/02/2018,53,12.2,99,UW,N,W
190,"SINGCO, PRINCESS MIKAELA ",NO,F,10/05/2015,22/02/2018,33,12,88,N,N,N
191,LAPITAN NIGEL ,NO,F,04/06/2013,22/02/2018,56,16.2,102.5,N,N,N
192,PANTELEON CLARISSE,NO,F,17/05/2014,22/02/2018,45,16,105.5,N,N,N
193,JAVIER CALUN DAVE,NO,M,21/05/2015,22/02/2018,33,14,89,N,N,N
194,"BATION,CRISTEN JOY ",NO,F,08/09/2014,22/02/2018,41,15,92,N,N,N
195,"DALANON, CHRINZ ELIEZAR",NO,M,15/05/2015,22/02/2018,33,15,91,N,N,N
196,"SONIO,MIQHAELLA ANDREA",NO,F,06/01/2016,22/02/2018,25,12,89,N,N,N
197,MOSQUEDA PRINCE ALEXANDER ,NO,M,28/02/2016,22/02/2018,23,15,89,N,N,OW
198,"MARANAN, JHON XANDER ",NO,M,17/12/2016,22/02/2018,14,11,88.3,N,T,N
199,"BATION, MICHELL",NO,F,28/11/2016,22/02/2018,14,12,86,N,T,N
200,"LLOBIT, YANNA KELSEY",NO,F,11/10/2016,22/02/2018,16,11,86,N,T,N
201,"ABRENILLA,PRINCESS AJ",NO,F,20/05/2016,22/02/2018,21,10.9,85.3,N,N,N
202,"BENDERO,JHAYRON ",NO,M,23/06/2015,22/02/2018,31,14,98,N,N,N
203,"ELEC,ALTHEA JEAN ",NO,F,29/01/2014,22/02/2018,48,13,96,N,N,N
204,"ELEC,JACK DANIEL",NO,M,31/10/2013,22/02/2018,51,15.6,99,N,N,N
205,BORLAQDAN KADYCAE,NO,M,26/09/2015,22/02/2018,28,14.3,97,N,N,N
206,"TEJADA, PRINCE RUFOS ",NO,M,23/07/2014,22/02/2018,42,13.9,101,N,N,N
207,ANUNCIADO STANLEY RYAN,NO,M,31/08/2013,22/02/2018,53,14,102,N,N,N
208,BENIN CRANDELLE CLYDE ,NO,M,16/08/2013,22/02/2018,54,14,101,N,N,N
209,"AVINCOLA, DANIEL",NO,M,15/06/2015,22/02/2018,32,13.36,102,N,T,W
210,"LONTOC,AUDREY PAULEN",NO,F,31/03/2017,22/02/2018,10,8.3,71.3,N,N,N
211,"ERASGA, KLYDE NOEL",NO,M,25/06/2017,22/02/2018,7,9.1,68.7,N,N,N
212,"KALAW, AZIA ZAYCEE ",NO,F,09/08/2017,22/02/2018,6,9.3,74.6,N,T,N
213,"REYES, KYLA",NO,F,13/08/2017,18/02/2018,6,7,65.1,N,N,N
214,"VELASCO, CHRISTINE",NO,F,16/08/2017,14/03/2018,6,6.9,64.4,N,N,N
215,"PALIS,EURILYN",NO,F,29/09/2017,17/01/2018,3,5,60.5,N,N,N
216,"TANDANG,MARYUIS ISSAC ",NO,M,16/09/2017,14/03/2018,5,6.2,60.5,N,S,N
217,CABALIDA CRIS ANGELO,NO,M,23/09/2017,14/03/2018,5,7.8,65,N,N,N
218,"PERIAS,JM",NO,M,04/09/2016,22/12/2017,15,9,75,N,N,N
219,"CASTRO, ARKIESHA JAVAINNE ",NO,F,27/09/2017,21/03/2018,5,6.8,65.4,N,N,N
220,IBO ZYOE JANE KRISHA ,NO,F,15/09/2017,31/03/2018,6,6.4,63,N,N,N
221,MAGSINO CRIS RHENIR ,NO,F,09/09/2017,14/03/2018,6,7.8,66,N,N,N
222,"CANATE, MICHAELA",NO,F,09/09/2017,14/03/2018,6,6.8,68.1,N,N,N
223,"MALAYBA, ISABELA JANE ",NO,F,13/09/2017,21/03/2018,6,7,67,N,N,N
224,SAN LORENZO HEIRES,NO,F,13/09/2017,21/03/2018,6,7,67,N,N,N
225,"LAURENTE, SETH LIM ",NO,M,13/10/2017,21/03/2018,5,6,63,N,N,N
226,"SANTOS, JEFF NATHAN ",NO,M,16/10/2016,22/03/2018,17,8.9,65,N,SS,OW
227,"SONIO, MIGUEL ANDRES",NO,M,23/11/2017,21/03/2018,3,6.1,62.5,N,N,N
228,SOLIVEN DACEL ELLORIE ,NO,M,21/11/2017,21/01/2018,2,5.2,62.3,N,N,W
229,"MENDOZA,EVAN KELAB",NO,M,15/11/2017,21/03/2018,4,5.9,61.7,N,N,N
230,JARIOLA SEBASTIAN,NO,M,29/11/2017,21/03/2018,3,5.3,55.5,N,S,N
231,"ZAMORA, RALPH ",NO,M,19/01/2017,14/03/2018,13,9.3,78,N,N,N
232,"BAUTISTA,JEYMS EAN ",NO,M,15/01/2018,07/03/2018,1,4.7,57,N,N,N
233,SINN LUCAS SEBASTIAN,NO,M,15/01/2018,07/03/2018,1,4.3,53,N,N,N
234,DEL VALLE ZIDANE ,NO,M,01/02/2018,07/03/2018,1,4.2,53,N,N,N
235,"SARCIA,EZEKIEL JAY",NO,M,12/02/2018,01/04/2018,1,6.2,59.8,OW,T,N
236,"RIZALDO,FRANCIS ORION",NO,M,24/03/2017,18/01/2018,9,7.3,69,N,N,N
237,"CASTANEDA, ZADHEL MELO",NO,M,19/03/2017,03/01/2018,9,7.2,70,N,N,N
238,DORADOMA. JOHANNA ,NO,F,02/07/2015,18/01/2018,30,12.5,90,N,N,N
239,"NICDAO, CALEB DANIEL",NO,M,24/11/2015,18/01/2018,25,16.5,107.3,OW,T,N
240,RELLORES AIRA,NO,F,26/09/2016,18/01/2018,15,8.5,68,N,SS,N
241,"IBO , ZANE KRISHA ",NO,F,15/09/2017,16/01/2018,4,7,68,N,T,N
242,"ALBORIDA, MAX BENIDICT ",NO,M,21/10/2015,16/01/2018,26,13,93.2,N,N,N
243,"Rodriguez, Kaillie Anne",NO,F,14/09/2014,11/01/2018,39,16.2,99,N,N,N
244,"Elec, Frederick James",NO,M,25/07/2014,11/01/2018,41,15,102.5,N,N,N
245,"Sasi, Earvin James",NO,M,05/01/2015,11/01/2018,36,15,97,N,N,N
246,"Lirio, Jahara Elise",NO,F,04/05/2017,11/01/2018,8,8.7,66,N,N,N
247,"Elec, Callehn",NO,M,09/10/2013,11/01/2018,51,17,108,N,N,N
248,"Elec, Keiandra Rein",NO,F,20/04/2015,11/01/2018,32,11.5,91,N,N,N
249,"Remojo, Khian",NO,M,02/06/2017,11/01/2018,7,9,67.4,N,N,N
250,"Cangao, Shanye Arianne",NO,F,22/07/2016,11/01/2018,17,9.7,85.1,N,N,N
251,"Medrano, Nick Andrew",NO,M,19/01/2017,11/01/2018,11,9,75,N,N,N
252,"Basera, Jaimie Loraine",NO,F,10/02/2017,11/01/2018,11,8.6,74.3,N,N,N
253,"Oña, Althea Mizuki",NO,F,13/09/2013,11/01/2018,51,13,101,N,N,N
254,"Oña, Athena Miyuki",NO,F,13/09/2013,11/01/2018,51,13.3,98,N,N,N
255,"Macayen, Margaux",NO,F,24/01/2015,11/01/2018,35,11.6,87.2,N,N,N
256,"Cangao, Raven Calix",NO,M,16/06/2014,11/01/2018,42,15,100.8,N,N,N
257,"Cangao, Frantzhel Mori",NO,F,27/05/2017,11/01/2018,7,8,65.3,N,N,N
258,"Jamile, Elijien",NO,M,28/10/2014,11/01/2018,38,11.8,92.7,N,N,N
259,"Jamile, Elisse",NO,F,08/06/2017,11/01/2018,7,6.4,67.4,N,N,N
260,"Morales, Sophia Jane",NO,F,13/02/2013,11/01/2018,58,19,102.8,N,N,N
261,"Lapie, Queenie Elliyah",NO,F,02/10/2013,11/01/2018,51,14.5,106,N,N,N
262,"Stevens, Trisha Joyce",NO,F,02/11/2013,11/01/2018,50,14.3,99,N,N,N
263,"Oca, Venus Francine",NO,F,27/04/2017,11/01/2018,8,7.8,67,N,N,N
264,"Zapanta, Allana Mae",NO,F,29/02/2016,11/01/2018,22,10,84.5,N,N,N
265,"Calatin, Althea",NO,F,29/05/2015,11/01/2018,31,10.7,86.3,N,N,N
266,"Pancho, Mathew Rave",NO,M,02/06/2016,11/01/2018,19,10,80,N,N,N
267,"Stevens, Sabrina Faye",NO,F,23/11/2014,11/01/2018,37,16.1,102,N,N,N
268,"Bigcas, Francis Jose",NO,M,19/01/2015,11/01/2018,35,15.8,97,N,N,N
269,"Villamayor, Aannah Isabel",NO,F,26/02/2013,11/01/2018,58,20,115.5,N,N,N
270,"Lantican, Kiel Russel",NO,M,04/09/2015,11/01/2018,28,15.8,96.5,N,N,N
271,"Bueno, Cassandra Yssabel",NO,F,29/03/2016,11/01/2018,21,10.6,82.3,N,N,N
272,"Bueno, Aannah Aime",NO,F,15/08/2013,11/01/2018,52,15,97,N,N,N
273,"Bueno, Ethan Skyler",NO,M,29/09/2017,11/01/2018,3,5.6,58.4,N,N,N
274,"Cangao, Brittaney Miles",NO,F,09/12/2017,11/01/2018,1,5.3,56,N,N,N
275,"Mundin, Rhaine",NO,M,11/11/2017,11/01/2018,2,6.3,59.4,N,N,N
276,"Medrana, Analiazette Sitti Gold",NO,F,03/10/2014,11/01/2018,39,13.3,90.4,N,N,N
277,"Umali, Alliyah Cassandra",NO,F,11/06/2013,11/01/2018,55,15.5,104.3,N,N,N
278,"Marco, Christine Joy",NO,F,06/12/2015,13/01/2018,25,14.6,92.5,N,N,N
279,"Linato, Jhayvler",NO,M,01/09/2014,13/01/2018,40,13.6,96.8,N,N,N
280,"Escano, Kesh",NO,M,01/01/2014,13/01/2018,48,13.9,102.2,N,N,N
281,"Servito, Precious Saphire",NO,F,31/07/2015,13/01/2018,29,18,94.5,OW,N,OW
282,"Lozano, Lovely Joy",NO,F,14/02/2015,13/01/2018,34,14.6,96.5,N,N,N
283,"Toma Cruz, Jaccob",NO,M,29/03/2013,13/01/2018,57,13.4,97,UW,S,N
284,"Lopez, Chloe Ann",NO,F,03/01/2016,13/01/2018,24,12,91.5,N,N,N
285,"Cordero, Eirin John",NO,M,28/11/2015,13/01/2018,25,14.9,93,N,N,N
286,"Cordero, Lord Edward Jr.",NO,M,04/10/2013,13/01/2018,51,15,104.6,N,N,N
287,"Ponso, Jamwel Kurt",NO,M,08/09/2015,13/01/2018,28,14.2,95.5,N,N,N
288,"Ramos, Allen Iverson",NO,M,03/09/2017,13/01/2018,4,6.5,65,N,N,N
289,"Suñega, Jared Christopher",NO,M,19/10/2014,13/01/2018,38,12.8,98,N,N,N
290,"Aguilar, Nhigelle",NO,F,14/09/2016,13/01/2018,15,8.5,78,N,N,N
291,"Ligero, Mikhael Antonio",NO,M,22/11/2015,13/01/2018,25,11,86.5,N,N,N
292,"Vargas, Aljur",NO,M,19/06/2013,13/01/2018,54,14.7,107,N,N,W
293,"Par, Mikee",NO,F,10/04/2013,13/01/2018,57,18,114,N,N,N
294,"Lawas, Ivan Miguel",NO,M,26/11/2014,13/01/2018,37,16.5,102.6,N,N,N
295,"Lawas, Jhaymar",NO,M,04/12/2017,13/01/2018,1,5.7,57.2,N,N,N
296,"Moral, Sofia Allery",NO,F,06/12/2016,13/01/2018,13,7.8,73,N,N,N
297,"Moral, Ziarha Margaux Catalea",NO,F,06/11/2013,13/01/2018,50,15.3,105,N,N,N
298,"Serfino, Kimberly Claire",NO,F,26/08/2014,13/01/2018,40,11.4,94.5,N,N,W
299,"Joson, Mavis Mariel",NO,F,28/05/2013,13/01/2018,55,14.8,107,N,N,N
300,"Mejia, Cailey Shane",NO,F,04/08/2013,13/01/2018,53,12.9,100.5,N,N,N
301,"Dilan, Philippe Alexandre",NO,M,30/06/2017,16/01/2018,6,9,68.4,N,N,N
302,"Anglo, Godiel Isaac",NO,M,17/04/2014,16/01/2018,44,12.5,97,N,N,N
303,"Salazar, Ejay Gabriel",NO,M,26/12/2013,16/01/2018,48,18.5,102,N,N,N
304,"Andaya, Denver Cairo",NO,M,16/08/2017,16/01/2018,5,7.9,65,N,N,N
305,"Bautista, Georgina Rhille",NO,F,17/04/2015,16/01/2018,32,14,98,N,N,N
306,"Bacalocating, Julsen",NO,F,06/01/2017,16/01/2018,12,10.8,78,N,N,N
307,"Gulay, Sofia Vernyce",NO,F,28/10/2015,16/01/2018,26,13.4,94,N,N,N
308,"Canilao, Patricia Ivy",NO,F,08/12/2016,16/01/2018,13,11,79.4,N,N,N
309,"Bigyan, Jewel",NO,F,28/01/2013,16/01/2018,59,18.5,105.4,N,N,N
310,"Bigyan, Jeoprix Trespalacio",NO,M,14/01/2018,16/01/2018,0,3.6,51,N,N,N
311,"Romero, Jethroe Efhraim",NO,M,28/11/2017,16/01/2018,1,5.3,55,N,N,N
312,"Dumbrique, Sophia Cassandra",NO,F,25/03/2013,16/01/2018,57,19,103,N,N,N
313,"Chavez, Jadric Elrey",NO,M,21/07/2013,16/01/2018,53,15.4,101,N,N,N
314,"Lanzo, Precious Lianne",NO,F,02/04/2013,16/01/2018,57,18.4,102,N,N,N
315,"Alvarez, Beau Kyrie Billy",NO,M,27/08/2014,16/01/2018,40,14,97.2,N,N,N
316,"Gallega, Phoenix Francis Cloud",NO,M,21/04/2015,16/01/2018,32,13.4,98.1,N,N,N
317,"Gayanes, Kevin Kieffer",NO,M,26/04/2013,16/01/2018,56,19.4,104,N,N,N
318,"Nebreja, Jacob",NO,M,05/12/2013,16/01/2018,49,15.5,101.4,N,N,N
319,"Olan, Edward Laurence",NO,M,05/09/2013,16/01/2018,52,16.7,97.5,N,N,N
320,"Villar, Caleb Franco Laurence",NO,M,13/03/2014,16/01/2018,46,17.3,100.7,N,N,N
321,"Villar, Mary Shantal",NO,F,06/04/2014,16/01/2018,45,15.2,96.4,N,N,N
322,"Tua, Carrie Princess",NO,F,05/02/2013,16/01/2018,59,18.4,105.3,N,N,N
323,"Olivarez, Euben Paul Andrie",NO,M,23/05/2017,19/01/2018,7,8.5,71,N,N,N
324,"Cordoba, Jonnel Almanzo",NO,M,23/06/2016,19/01/2018,18,10.4,79.6,N,N,N
325,"Licodine, Rheyvan",NO,M,07/06/2016,19/01/2018,19,11,82.3,N,N,N
326,"Lim, Ma. Anneuella Sophie",NO,F,05/06/2016,19/01/2018,19,10.4,80.6,N,N,N
327,"Perfecto, Shamilcah Jeremie",NO,M,11/06/2016,19/01/2018,19,11.5,82,N,N,N
328,"Heredia, Atheana Cleo",NO,F,14/11/2016,19/01/2018,14,10,78.4,N,N,N
329,"Santos, Lucas Antonio",NO,M,20/06/2017,19/01/2018,6,6.4,64.5,N,N,N
330,"Himantog, Francis Nell",NO,M,05/06/2017,19/01/2018,7,9,71.6,N,N,N
331,"Barrion, Kiernan Rein",NO,M,23/08/2017,19/01/2018,4,5.8,62.5,N,N,N
332,"Malitic, Ford Miller",NO,M,31/12/2017,19/01/2018,0,2.5,48,N,N,N
333,"Brazal, Maona Ysabella",NO,F,06/01/2018,19/01/2018,0,4,51,N,N,N
334,"Quiñones, Caleb Daniel",NO,M,26/11/2016,19/01/2018,13,9.5,80,N,N,N
335,"Gatpolintan, Angela",NO,F,03/10/2015,19/01/2018,27,13,93,N,N,N
336,"Fortuna, Kristine Pearl",NO,F,11/07/2013,19/01/2018,54,18,108,N,N,N
337,"Lazaro, Drew Iñigo",NO,M,20/04/2014,19/01/2018,44,16.4,104.6,N,N,N
338,"Faylona, Jhin Hailey",NO,F,28/04/2017,19/01/2018,8,9.5,72,N,N,N
339,"Kimpo, Francis Gabriel",NO,M,29/10/2014,19/01/2018,38,16.1,100.5,N,N,N
340,"Anda, Ameerah Lexine",NO,F,13/08/2015,19/01/2018,29,16,94,N,N,N
341,"Macaleng, Luke Gabriel",NO,M,20/07/2013,03/02/2018,54,13.5,101.5,N,N,N
342,"Banaday, Angelo Ghil",NO,M,25/06/2016,03/02/2018,19,10,84,N,N,N
343,"Cabauatan, Shawn Clyde",NO,M,20/04/2016,03/02/2018,21,10.7,86.4,N,N,N
344,"Villanueva, Jewel",NO,F,16/03/2013,03/02/2018,58,15,106.5,N,N,N
345,"Villanueva, Prinze Estefan",NO,M,24/07/2015,03/02/2018,30,13.2,92.5,N,N,N
346,"Dela Cruz, Kenshin",NO,M,21/10/2015,03/02/2018,27,11.7,87.5,N,N,N
347,"Dela Cruz, Raishin Summer",NO,F,01/06/2017,03/02/2018,8,9.7,70,N,N,N
348,"Bitara, Angelica Faith",NO,F,10/03/2015,03/02/2018,34,15.8,98,N,N,N
349,"Ballesteros, Lareece Anne",NO,F,18/07/2014,03/02/2018,42,19.1,103,N,N,N
350,"Simbulan, Clarence",NO,M,25/03/2015,03/02/2018,34,15,100,N,N,N
351,"Peñero, Rich Ron",NO,M,09/06/2016,03/02/2018,19,13,83.5,N,N,N
352,"Peñero, Jordan James",NO,M,05/01/2018,03/02/2018,0,3,48,N,N,N
353,"Villanueva, Luis Emanuel",NO,M,19/05/2017,03/02/2018,8,9,70.5,N,N,N
354,"Dimaano, Mayari",NO,F,04/12/2017,03/02/2018,1,5.5,57,N,N,N
355,"Dimaano, Haraya",NO,F,14/10/2014,03/02/2018,39,15,96,N,N,N
356,"Arlegui, Kent Afreil",NO,M,09/07/2015,03/02/2018,30,16,98,N,N,N
357,"Arlegui, Zayrah Eunice",NO,F,13/04/2013,03/02/2018,57,15,107,N,N,N
358,"Ybanez, Princess Ann",NO,F,02/08/2017,03/02/2018,6,7,62,N,N,N
359,"Costa, Briolliona Dianna Mae",NO,F,31/08/2017,03/02/2018,5,6.3,60.7,N,N,N
360,"Laco, Isnairah",NO,F,03/06/2016,08/02/2018,20,10.4,78.2,N,N,N
361,"Barreda, John Clarence",NO,M,01/10/2016,08/02/2018,16,9.4,75.5,N,N,N
362,"Cruzana, Rayven Vince",NO,M,07/10/2016,08/02/2018,16,10,78,N,N,N
363,"Nillas, Maria Seirin",NO,F,15/10/2016,08/02/2018,15,9.4,73.7,N,N,N
364,"Mejia, Aen Rya",NO,F,11/05/2017,08/02/2018,8,8.7,68.6,N,N,N
365,"Barreda, Aiko James",NO,M,06/04/2017,08/02/2018,10,10,74.5,N,N,N
366,"Luzon, Thea Rose",NO,F,29/07/2017,08/02/2018,6,7.4,67.5,N,N,N
367,"Austria, Janah",NO,F,20/11/2016,08/02/2018,14,10,79,N,N,N
368,"Jung, Yesol",NO,M,09/02/2017,08/02/2018,11,9.5,75,N,N,N
369,"Talay, Ramier Nyl",NO,M,22/07/2016,08/02/2018,18,11.5,86,N,N,N
370,"Ancheta, Thirdy Johannah",NO,M,08/03/2017,08/02/2018,11,10.7,76.2,N,N,N
371,"Malinao, Lizzie Brielle",NO,F,13/09/2017,08/02/2018,4,5.7,64,N,N,N
372,"Valencia, Yohan Miguel",NO,M,09/10/2017,08/02/2018,3,6.4,64.6,N,N,N
373,"Gibas, Westley",NO,M,28/10/2017,08/02/2018,3,7,63.7,N,N,N
374,"Dela Cruz, Jared Hale",NO,M,25/11/2017,08/02/2018,2,6,62,N,N,N
375,"Delos Reyes, Elianah Francia",NO,F,15/11/2017,08/02/2018,2,6.1,58.4,N,N,N
376,"Delos Reyes, Jed Thirdy",NO,M,12/03/2013,08/02/2018,58,19,104,N,N,N
377,"Atali, Ayesha",NO,F,13/04/2013,08/02/2018,57,17.6,102.1,N,N,N
378,"Atoli, Remier",NO,M,14/04/2013,08/02/2018,57,18,103,N,N,N
379,"Aguirre, Aaron",NO,M,04/01/2018,08/02/2018,1,5.7,56.5,N,N,N
380,"Festejo, Matteo Vaughn",NO,M,29/04/2017,08/02/2018,9,9.7,72.1,N,N,N
381,"Berin, Rajah Achiles",NO,M,13/01/2018,08/02/2018,0,3.6,50.5,N,N,N
382,"Parala, Matthew",NO,M,13/04/2014,08/02/2018,45,15.5,96,N,N,N
383,"Riaz, Noorulain",NO,F,07/07/2014,08/02/2018,43,14,95,N,N,N
384,"Sanchez, Ray John",NO,M,30/05/2014,08/02/2018,44,12.7,95.5,N,N,N
385,"Elec, Yhasiel",NO,F,18/02/2013,10/02/2018,59,15,107,N,N,N
386,"Dalut, Aaliyah Samantha",NO,F,02/06/2016,10/02/2018,20,13,85,N,N,N
387,"Ison, John Kenneth",NO,M,25/07/2016,10/02/2018,18,9.5,80,N,N,N
388,"Mendoza, Jessica",NO,F,29/10/2014,10/02/2018,39,11.5,91.6,N,N,N
389,"Corporal, Ashera Mae",NO,F,05/11/2013,10/02/2018,51,13.5,100.4,N,N,N
390,"Corporal, Aron Stephen",NO,M,24/01/2018,10/02/2018,0,3.5,49,N,N,N
391,"Garcia, Macy",NO,F,17/01/2017,10/02/2018,12,9,75.8,N,N,N
392,"Elec, Sophia Rose",NO,F,15/10/2016,10/02/2018,15,11.7,80,N,N,N
393,"Sonia, Quen Athena",NO,F,09/04/2016,10/02/2018,22,10.5,85.6,N,N,N
394,"Mercado, John Rylie",NO,M,11/04/2015,10/02/2018,33,12.4,90,N,N,N
395,"Gecaro, Eunice",NO,F,10/05/2015,10/02/2018,33,12,89.4,N,N,N
396,"Cortez, Jayson",NO,M,29/12/2013,10/02/2018,49,15,104,N,N,N
397,"Macasinag, John Lucas",NO,M,30/10/2016,10/02/2018,15,12,79.5,N,N,N
398,"Passi, Robby Nathan",NO,M,21/06/2017,10/02/2018,7,9.5,69.7,N,N,N
399,"Rudio, Zaionn Markus",NO,M,30/05/2016,10/02/2018,20,11,87,N,N,N
400,"Rudio, Zianne Margarette",NO,F,09/01/2014,10/02/2018,49,17,108.7,N,N,N
401,"Levantocia, Jasper",NO,M,02/04/2015,10/02/2018,34,12.3,95,N,N,N
402,"Andes, Sherwin Dale",NO,M,30/10/2014,10/02/2018,39,12,92.6,N,N,N
403,"Cabarles, Viel Elly",NO,M,23/09/2015,10/02/2018,28,15,92.6,N,N,N
404,"Levantocia, Jairene Faith",NO,F,30/04/2013,10/02/2018,57,17.5,108,N,N,N
405,"Levantocia, Ashley Jhade",NO,F,09/11/2014,10/02/2018,39,11,104,UW,N,SW
406,"Yunting, Francine",NO,F,25/03/2013,15/02/2018,58,17,102.2,N,N,N
407,"Yunting, Faye",NO,F,20/09/2015,15/02/2018,28,11.6,94,N,N,N
408,"Alfaro, Ma. Adeleine Grey",NO,F,23/11/2016,15/02/2018,14,11,80,N,N,N
409,"Alfaro, Ma. Daneah Lourisse",NO,F,17/03/2014,15/02/2018,46,16.1,100,N,N,N
410,"Yunting, Clay Ford",NO,M,26/11/2015,15/02/2018,26,11.5,88,N,N,N
411,"Saraza, France Ashiro Luis",NO,M,07/07/2017,15/02/2018,7,8,70.6,N,N,N
412,"Maat, Nash Jiro",NO,M,09/04/2013,15/02/2018,58,17,106,N,N,N
413,"Cita, Lhord Green",NO,M,07/06/2013,15/02/2018,56,17,113,N,N,N
414,"Patron, Victoria Marie",NO,F,21/06/2014,15/02/2018,43,16,98,N,N,N
415,"Ablitas, Franchezka Sofia",NO,F,02/08/2017,15/02/2018,6,8.5,67,N,N,N
416,"Ablitas, Allen Zyrus",NO,M,25/04/2016,15/02/2018,21,11,82,N,N,N
417,"Pan, Cedella Sari",NO,F,28/05/2016,15/02/2018,20,10,78.6,N,N,N
418,"Urriquia, Lyon Tyler Rex",NO,M,08/06/2016,15/02/2018,20,11.2,81,N,N,N
419,"Licuanan, Remhineder",NO,M,13/05/2017,15/02/2018,9,8.6,68.5,N,N,N
420,"Elec, Kian Sofie",NO,F,15/10/2016,15/02/2018,16,9.7,76.2,N,N,N
421,"Pua, Ashanty Kendra",NO,F,12/03/2017,15/02/2018,11,8,74,N,N,N
422,"Dumagais, Adrian",NO,M,02/09/2017,15/02/2018,5,7,62.5,N,N,N
423,"Catapang, Cara Erika",NO,F,07/02/2017,17/02/2018,12,10.7,78.5,N,N,N
424,"Garcia, Ethan Al",NO,M,10/08/2017,17/02/2018,6,8.7,71,N,N,N
425,"Macoll, Eion Gjord",NO,M,05/07/2017,17/02/2018,7,9.7,73,N,N,N
426,"Jazareno, Allaiza",NO,F,23/12/2016,17/02/2018,13,11.5,80,N,N,N
427,"Medina, Jacob Alexander",NO,M,25/09/2017,17/02/2018,4,6,61,N,N,N
428,"Yunting, Fionalyn",NO,F,06/11/2017,17/02/2018,3,4.5,58,N,N,N
429,"Alejandro, Mirakley",NO,M,30/08/2017,17/02/2018,5,7.7,68.6,N,N,N
430,"Dalguntas, John Ace",NO,M,13/01/2018,17/02/2018,1,4,53.6,N,N,N
431,"Galang, Andrei",NO,M,05/01/2018,17/02/2018,1,4.5,55,N,N,N
432,"Roque, Jace Quinton",NO,M,15/01/2014,17/02/2018,49,17.7,100,N,N,N
433,"Villaflores, Princess Sarah",NO,F,06/09/2013,17/02/2018,53,18.6,102.4,N,N,N
434,"Elec, Nichole Anne",NO,F,06/10/2016,21/02/2018,16,9,82,N,N,N
435,"Camacho, John Vincent",NO,M,24/04/2017,21/02/2018,9,8.6,72.5,N,N,N
436,"Camacho, Neil James",NO,M,24/04/2017,21/02/2018,9,9,73,N,N,N
437,"Empinado, Divine Zoila",NO,F,16/03/2017,21/02/2018,11,10.4,75.3,N,N,N
438,"Jandoquille, Carl Quentt",NO,M,08/04/2017,21/02/2018,10,9.3,73,N,N,N
439,"Stevens, Jahzel",NO,M,16/10/2016,21/02/2018,16,12.4,83.5,N,N,N
440,"Fajardo, Dan Raijin",NO,M,16/08/2017,21/02/2018,6,7.2,65.4,N,N,N
441,"Cerezo, Princess Alleya",NO,F,08/07/2017,21/02/2018,7,8.6,71,N,N,N
442,"Maquera, Ramjohn Cesar",NO,M,07/08/2016,21/02/2018,18,10.5,85.2,N,N,N
443,"Lawas, Kymon Daine",NO,M,25/09/2017,21/02/2018,4,7.3,63.2,N,N,N
444,"Suralta, Jahzara Brenly",NO,F,28/09/2017,21/02/2018,4,7,62.5,N,N,N
445,"Gibe, Kiezha Cassandra",NO,F,04/10/2017,21/02/2018,4,8,65,N,N,N
446,"Matundan, Third Gabriel",NO,M,19/09/2017,21/02/2018,5,9.2,67.5,N,N,N
447,"Bernardo, Kyrie",NO,F,15/01/2018,21/02/2018,1,4.6,56.3,N,N,N
448,"Elec, Ayesha Kaye",NO,F,23/12/2013,21/02/2018,49,17,98,N,N,N
449,"Belmonte, Shane",NO,F,15/09/2013,21/02/2018,53,21,110,N,N,N
450,"Gomez, Chloe Hannah Grace",NO,F,02/04/2013,21/02/2018,58,22,115.5,N,N,N
451,"Mateo, Justin Joaquin",NO,M,16/09/2013,21/02/2018,53,19.7,104,N,N,N
452,"Punzalan, Joseph Blaise",NO,M,13/12/2013,24/02/2018,50,19,104,N,N,N
453,"De Chavez, Liam Clark",NO,M,07/10/2013,24/02/2018,52,21,110,N,N,N
454,"Estonilo, Rafaelle Alein",NO,M,04/05/2014,24/02/2018,45,17,101,N,N,N
455,"Bigyan, Jeorgina",NO,F,12/03/2015,24/02/2018,35,14,94.6,N,N,N
456,"Leoncio, Josh Nathan",NO,M,30/10/2013,24/02/2018,51,21,112,N,N,N
457,"Reyes, Oscar",NO,M,01/04/2015,24/02/2018,34,15,96,N,N,N
458,"Magora, Hailie Maddy",NO,F,21/09/2015,24/02/2018,29,14,90.2,N,N,N
459,"Serfino, Carl Junix",NO,M,26/06/2013,24/02/2018,55,20,112,N,N,N
460,"Ng, Draven",NO,M,24/05/2013,24/02/2018,57,22.5,114,N,N,N
461,"Moral, Mackenzie Aiden Keith",NO,M,13/04/2016,24/02/2018,22,13.6,86.4,N,N,N
462,"Suiton, Xian Lee",NO,M,14/09/2013,24/02/2018,53,22,110.6,N,N,N
463,"Villamor, Khiana Alexandra",NO,F,06/05/2016,24/02/2018,21,8.5,79,UW,N,N
464,"Villamor, Khiane Alexander",NO,M,06/05/2016,24/02/2018,21,8.7,80.6,UW,N,W
465,"Talay, Princess Thosscca",NO,F,04/05/2016,24/02/2018,21,9.7,84.5,N,N,N
466,"Talay, Cle John",NO,M,25/12/2015,24/02/2018,25,11,87.5,N,N,N
467,"Talay, Jeymei Eynnah",NO,F,17/03/2015,24/02/2018,35,16.6,101.1,N,N,N
468,"Salamat, Mariz",NO,F,02/02/2014,24/02/2018,48,18,99.6,N,N,N
469,"Laco, Ismael",NO,M,04/12/2014,24/02/2018,38,16.5,96,N,N,N
470,"Laco, Princess Johara",NO,F,15/07/2015,24/02/2018,31,15.4,93,N,N,N
471,"Almero, Tyron",NO,M,05/12/2015,24/02/2018,26,15,91.4,N,N,N
472,"Macasinag, Jesusa Noelene",NO,F,27/12/2015,24/02/2018,25,14.7,92.5,N,N,N
473,"Gibe, Shid Rhanber",NO,M,22/12/2014,24/02/2018,38,14.7,97,N,N,N
474,"Maute, Sasha Pauleen",NO,F,17/06/2014,03/03/2018,44,15,92,N,N,N
475,"Magnaye, Zabrina T",NO,F,18/09/2014,03/03/2018,41,13.4,91,N,N,N
476,"Samson, Cael Wylchester",NO,M,16/12/2014,03/03/2018,38,12.3,90,N,N,N
477,"De Los Reyes, Anthonette ",NO,F,22/12/2014,03/03/2018,38,12,90.8,N,N,N
478,"Punda, Summayah",NO,F,04/08/2014,03/03/2018,42,12.8,91.4,N,N,N
479,"Joval, Athena",NO,F,18/07/2014,03/03/2018,43,13.7,92,N,N,N
480,"Pulvera, Krishia Jewel E.",NO,F,13/10/2014,03/03/2018,40,13.5,92.8,N,N,N
481,"Gulles, Precious Alexa",NO,F,22/12/2014,03/03/2018,38,12,90.6,N,N,N
482,"Deleon, Thomas Pierro",NO,M,02/08/2014,03/03/2018,43,14.2,92.6,N,N,N
483,"Manalo, Carlene Angeline",NO,F,20/12/2014,03/03/2018,38,12.7,91.2,N,N,N
484,"Parala, Matthew Fernandez",NO,M,13/04/2014,03/03/2018,46,15,97.2,N,N,N
485,"Dumagco, Cyrus",NO,M,06/11/2013,03/03/2018,51,16.2,101.2,N,N,N
486,"Vizcarra, Thomar M.",NO,M,06/02/2016,03/03/2018,24,10.5,83,N,N,N
487,"Cruz, Russell Kobie P.",NO,M,27/08/2014,03/03/2018,42,14.3,94.2,N,N,N
488,"Doma, Adriel",NO,M,05/04/2014,03/03/2018,46,14.6,96.5,N,N,N
489,"De Leon, Stephan Ezekiel",NO,M,20/10/2014,03/03/2018,40,13.1,93,N,N,N
490,"De Los Reyes, Anthonette",NO,F,22/12/2014,03/03/2018,38,12.6,91.4,N,N,N
491,"Villanueva, Chryz A.",NO,M,06/01/2015,03/03/2018,37,13.7,90.2,N,N,N
492,"De Chaves, Gian Clark",NO,M,07/10/2013,03/03/2018,52,14.7,97.2,N,N,N
493,"Martelino, Louis Cross",NO,M,25/09/2014,03/03/2018,41,13,91.7,N,N,N
494,"Nabor, Aizen",NO,M,07/01/2014,03/03/2018,49,14.6,95.4,N,N,N
495,"Valderama, Allan Ventura Jr.",NO,M,01/04/2014,03/03/2018,47,13.2,97,N,N,N
496,"Villate, Kris Lorenz",NO,M,16/07/2014,03/03/2018,43,15,99.8,N,N,N
497,"Pablo, Seth Jairus F.",NO,M,20/04/2014,03/03/2018,46,16.7,101,N,N,N
498,"Pelayo, Ayesha Amber",NO,F,26/07/2014,03/03/2018,43,15.6,102.3,N,N,N
499,"Apolinario, Prima Hailley",NO,F,26/04/2014,03/03/2018,46,16,98,N,N,N
500,"Panganiban, Valerie",NO,F,15/10/2013,03/03/2018,52,17.7,100.5,N,N,N
501,"Adriano, Abbey",NO,F,23/11/2013,03/03/2018,51,13.3,98.4,N,N,N
502,"San Valentin, Arkhiel Paul",NO,M,28/10/2014,08/03/2018,40,12.8,91,N,N,N
503,"Collantes, Jhay Anne",NO,F,26/05/2014,08/03/2018,45,15.3,99.3,N,N,N
504,"Gomez, Chloe",NO,F,02/04/2013,08/03/2018,59,17.2,103.5,N,N,N
505,"Sabiñano, Sabrina Shayle",NO,F,01/06/2014,08/03/2018,45,15.4,97,N,N,N
506,"Andres, Shelleg Anghel L.",NO,F,20/02/2015,08/03/2018,36,13.5,91,N,N,N
507,"Leborno, Roi Czar",NO,M,01/03/2014,08/03/2018,48,16,103,N,N,N
508,"Parra, Mark Angelo M.",NO,M,19/09/2013,08/03/2018,53,15.6,103.4,N,N,N
509,"Lantican, Dylan R.",NO,M,29/03/2014,08/03/2018,47,13.7,98,N,N,N
510,"Dorado, Josh C.",NO,M,31/07/2013,08/03/2018,55,14.7,97.5,N,S,N
511,"Francisco, Jea Nicole",NO,F,05/12/2013,08/03/2018,51,13.2,95.6,N,N,N
512,"Francisco, Judy Ann",NO,F,01/12/2013,08/03/2018,51,13,97,N,N,N
513,"Perez, Aikizha Mae C.",NO,F,07/07/2013,08/03/2018,56,14.2,104,N,N,N
514,"Lawas, Alexis Kia S.",NO,F,07/04/2013,08/03/2018,59,13.7,108,N,N,W
515," SAMSON, CAEL WYLCHESTER",NO,M,16/12/2014,08/03/2018,38,12.4,87,N,S,N
516,"LAPITAN, JUSTINE THEA HIZON",NO,M,09/08/2013,08/03/2018,54,16.3,97,N,S,N
517,"Bartillo, Samy ",NO,M,21/06/2014,08/03/2018,44,12.5,97.2,N,N,N
518," SACDALAN, PRINCESS BHASILIA",NO,F,26/05/2014,08/03/2018,45,13.2,96.4,N,N,N
519,"Joval, Athena ",NO,F,18/07/2014,08/03/2018,43,12.1,96.7,N,N,N
520,"Lapiz, Jannah Michaella A. ",NO,F,21/01/2015,08/03/2018,37,11.5,89.1,N,N,N
521,"Legaspi, Mattie B. ",NO,F,15/08/2014,08/03/2018,42,11.7,91.4,N,N,N
522,"Cruz, Russell Kobie P. ",NO,M,27/08/2014,08/03/2018,42,13.4,93.1,N,N,N
523,"Ternate, Athena A. ",NO,F,23/09/2014,08/03/2018,41,12.6,92,N,N,N
524,"Esguerra, Jacob Dylan ",NO,M,22/11/2014,08/03/2018,39,12.5,92,N,N,N
525,"Dardo, Ada Nicole C. ",NO,F,17/07/2014,08/03/2018,43,13.6,93,N,N,N
526,"Tribdino, Krisshina C. ",NO,F,05/09/2014,08/03/2018,42,13.1,93.7,N,N,N
527,"DELA CRUZ, EZEKHIEL ",NO,M,14/04/2014,08/03/2018,46,14,96,N,N,N
528,"COLLADO, YSNA NELAIJAH ",NO,F,28/09/2013,08/03/2018,53,15.3,104,N,N,N
529,"Albaracin, Cris Argiell",NO,M,11/06/2016,08/03/2018,20,11,87.4,N,N,N
530,"Responso, Dan Jabez Gabriel",NO,M,03/06/2015,08/03/2018,33,15,99,N,N,N






















































































































































































































































































































































































































































































































































































































































































































































































































































































































































































































































































































































































































































































































































































































































































































































































































































































































































































































































































































































































































































































































































































































































































































































































































































































































































































































































































































































































































































































































































































































































































































































































































































































































































































































































































































































































































































































































































































































































































































































































































































































































































































































































































































































































































































































































































































































































